Performance_Score,Age,Years_of_Experience,Hours_Worked_Per_Week,Team_Size,Training_Hours,Previous_Performance,Absenteeism,Salary,Job_Satisfaction,Education_Level_Master's,Education_Level_PhD,Job_Role_Marketing Specialist,Job_Role_Software Developer,Location_New York,Location_San Francisco
52,33,39,35,7,52.0,90.0,21,34234,5.0,1.0,0.0,1.0,0.0,0.0,0.0
93,47,7,43,5,29.0,65.0,4,99300,5.0,0.0,0.0,0.0,0.0,0.0,1.0
15,37,38,33,13,59.0,84.0,26,73949,1.0,1.0,0.0,0.0,1.0,0.0,0.0
72,58,39,35,12,97.0,28.0,1,67405,4.0,0.0,0.0,0.0,0.0,1.0,0.0
61,43,13,48,14,31.0,16.0,29,64872,1.0,0.0,1.0,1.0,0.0,1.0,0.0
21,50,31,35,10,66.0,47.0,14,72215,5.0,1.0,0.0,0.0,1.0,0.0,0.0
83,35,37,31,9,66.0,81.0,6,53185,2.0,0.0,1.0,0.0,0.0,1.0,0.0
87,49,32,47,11,27.0,92.0,3,73442,3.0,1.0,0.0,0.0,0.0,0.0,0.0
75,26,22,42,13,43.0,58.0,0,81759,1.0,0.0,1.0,0.0,0.0,1.0,0.0
75,51,14,38,11,78.0,76.0,12,71153,5.0,0.0,0.0,1.0,0.0,0.0,1.0
88,26,32,52,2,40.0,27.0,19,107535,2.0,0.0,0.0,1.0,0.0,0.0,0.0
100,33,24,48,3,62.0,53.0,21,32581,5.0,0.0,0.0,0.0,0.0,0.0,1.0
24,37,16,42,10,22.0,42.0,6,81717,2.0,1.0,0.0,0.0,1.0,0.0,1.0
3,47,32,40,9,74.0,59.0,14,32763,5.0,0.0,1.0,0.0,1.0,0.0,0.0
22,47,1,30,4,47.0,47.0,22,85480,3.0,0.0,0.0,1.0,0.0,0.0,1.0
53,42,13,53,9,31.0,94.0,13,68759,5.0,0.0,1.0,0.0,1.0,0.0,0.0
2,57,39,59,13,56.0,34.0,22,106067,5.0,0.0,1.0,1.0,0.0,0.0,1.0
88,54,39,51,2,99.0,37.0,18,55307,1.0,0.0,0.0,0.0,0.0,0.0,0.0
30,51,38,36,11,32.0,6.0,21,41064,3.0,0.0,0.0,1.0,0.0,0.0,0.0
38,58,5,54,5,23.0,7.0,28,106848,4.0,0.0,1.0,1.0,0.0,1.0,0.0
2,44,5,50,4,38.0,96.0,23,67548,1.0,0.0,0.0,0.0,0.0,0.0,0.0
64,31,2,44,7,33.0,96.0,19,66945,4.0,0.0,0.0,0.0,1.0,0.0,0.0
60,26,6,30,8,55.0,25.0,28,77937,2.0,0.0,0.0,1.0,0.0,0.0,1.0
21,57,7,41,5,27.0,33.0,23,36476,4.0,1.0,0.0,1.0,0.0,0.0,0.0
33,55,14,55,8,36.0,55.0,17,81756,5.0,0.0,1.0,0.0,0.0,1.0,0.0
76,52,28,36,10,6.0,58.0,9,32382,4.0,0.0,1.0,0.0,1.0,0.0,1.0
58,31,32,44,12,67.0,7.0,8,79683,1.0,1.0,0.0,1.0,0.0,0.0,1.0
22,40,29,50,3,36.0,54.0,24,117999,1.0,0.0,1.0,0.0,0.0,1.0,0.0
89,53,38,48,12,55.0,12.0,7,75276,4.0,0.0,0.0,1.0,0.0,0.0,1.0
49,22,26,57,4,64.0,16.0,25,63402,1.0,0.0,1.0,0.0,0.0,0.0,1.0
91,26,35,58,6,64.0,80.0,29,56946,3.0,0.0,0.0,0.0,1.0,0.0,1.0
59,25,28,54,4,46.0,43.0,28,109698,4.0,1.0,0.0,0.0,1.0,0.0,1.0
42,37,37,30,12,19.0,54.0,9,103933,3.0,0.0,0.0,0.0,1.0,1.0,0.0
92,45,32,46,9,18.0,77.0,16,52335,3.0,0.0,1.0,0.0,1.0,1.0,0.0
60,37,36,46,13,28.0,7.0,1,75095,2.0,0.0,1.0,1.0,0.0,0.0,1.0
80,23,26,32,11,73.0,100.0,5,109930,1.0,0.0,1.0,1.0,0.0,0.0,1.0
15,49,32,41,9,59.0,51.0,25,57197,4.0,1.0,0.0,0.0,1.0,1.0,0.0
62,53,3,35,9,17.0,73.0,4,52010,1.0,1.0,0.0,0.0,1.0,1.0,0.0
62,48,21,55,13,91.0,32.0,27,54123,5.0,0.0,1.0,0.0,1.0,1.0,0.0
47,41,1,40,13,34.0,75.0,29,117923,1.0,0.0,0.0,1.0,0.0,0.0,1.0
62,45,9,32,10,42.0,8.0,8,32890,1.0,1.0,0.0,0.0,1.0,0.0,1.0
51,33,4,37,5,94.0,97.0,4,38026,3.0,0.0,1.0,0.0,1.0,0.0,0.0
55,56,9,43,6,90.0,87.0,17,94925,4.0,0.0,1.0,0.0,1.0,1.0,0.0
64,54,32,43,6,10.0,89.0,25,98842,1.0,1.0,0.0,0.0,0.0,0.0,1.0
3,54,37,39,9,48.0,72.0,19,63665,3.0,1.0,0.0,0.0,1.0,1.0,0.0
51,58,12,31,8,37.0,45.0,8,39277,3.0,1.0,0.0,0.0,0.0,0.0,1.0
7,33,30,43,10,63.0,86.0,16,72239,3.0,0.0,0.0,0.0,0.0,1.0,0.0
21,24,35,38,9,68.0,59.0,26,77664,3.0,0.0,0.0,0.0,1.0,0.0,1.0
73,22,23,32,3,7.0,4.0,16,78008,3.0,0.0,1.0,0.0,0.0,0.0,0.0
39,54,14,50,11,33.0,67.0,11,44683,1.0,1.0,0.0,0.0,1.0,0.0,0.0
18,31,28,55,13,47.0,29.0,6,30670,1.0,0.0,0.0,1.0,0.0,1.0,0.0
4,50,7,37,5,55.0,29.0,26,119211,2.0,1.0,0.0,1.0,0.0,0.0,1.0
89,34,4,45,7,75.0,98.0,2,47889,3.0,0.0,1.0,1.0,0.0,0.0,1.0
60,33,28,31,13,64.0,98.0,9,85612,5.0,0.0,0.0,1.0,0.0,1.0,0.0
14,52,3,35,3,46.0,28.0,1,74535,5.0,0.0,0.0,0.0,0.0,0.0,1.0
9,23,11,57,8,3.0,77.0,24,108542,2.0,0.0,0.0,0.0,1.0,1.0,0.0
90,56,1,50,4,49.0,79.0,2,84319,5.0,0.0,1.0,0.0,1.0,0.0,1.0
53,44,26,58,14,68.0,87.0,15,51639,5.0,1.0,0.0,0.0,1.0,1.0,0.0
2,38,30,55,4,29.0,44.0,1,94712,3.0,0.0,0.0,1.0,0.0,0.0,1.0
84,47,35,54,12,87.0,54.0,27,46633,1.0,0.0,1.0,1.0,0.0,1.0,0.0
92,29,35,41,3,58.0,4.0,23,64660,1.0,1.0,0.0,0.0,1.0,0.0,1.0
60,50,25,34,12,66.0,90.0,9,98975,3.0,0.0,1.0,1.0,0.0,0.0,0.0
71,47,26,31,9,74.0,9.0,5,62172,3.0,1.0,0.0,0.0,1.0,0.0,1.0
44,31,4,45,7,44.0,5.0,21,89197,3.0,0.0,1.0,0.0,1.0,1.0,0.0
8,47,19,34,2,3.0,56.0,25,88847,1.0,1.0,0.0,0.0,1.0,0.0,0.0
47,55,10,44,13,25.0,96.0,10,41577,5.0,0.0,0.0,0.0,1.0,0.0,1.0
35,28,9,41,2,26.0,84.0,22,107299,3.0,1.0,0.0,0.0,1.0,0.0,0.0
78,25,39,33,8,45.0,50.0,6,50176,2.0,0.0,1.0,0.0,1.0,0.0,1.0
81,32,37,44,9,63.0,75.0,26,74386,3.0,0.0,1.0,0.0,1.0,0.0,0.0
36,50,5,40,6,90.0,15.0,28,93972,4.0,1.0,0.0,1.0,0.0,1.0,0.0
50,57,7,45,13,50.0,32.0,14,119791,3.0,0.0,0.0,0.0,1.0,0.0,1.0
4,46,22,52,12,49.0,28.0,5,71003,1.0,0.0,0.0,0.0,1.0,0.0,1.0
2,42,25,35,6,5.0,22.0,19,49996,3.0,1.0,0.0,1.0,0.0,1.0,0.0
6,57,11,43,5,58.0,17.0,26,116598,4.0,1.0,0.0,1.0,0.0,0.0,0.0
54,31,25,47,7,14.0,59.0,8,65931,2.0,0.0,1.0,1.0,0.0,1.0,0.0
4,58,12,41,7,29.0,90.0,21,65710,5.0,0.0,0.0,0.0,1.0,1.0,0.0
54,30,39,56,4,41.0,71.0,19,64693,3.0,1.0,0.0,0.0,0.0,0.0,0.0
93,45,17,40,10,36.0,57.0,11,65740,4.0,0.0,0.0,0.0,0.0,1.0,0.0
63,56,24,42,13,41.0,26.0,18,107241,3.0,1.0,0.0,1.0,0.0,0.0,1.0
18,56,32,50,12,34.0,25.0,19,106502,2.0,1.0,0.0,0.0,0.0,0.0,1.0
90,57,39,52,8,86.0,10.0,2,47374,1.0,0.0,0.0,1.0,0.0,0.0,1.0
44,39,11,40,2,5.0,45.0,14,106674,3.0,1.0,0.0,0.0,1.0,1.0,0.0
34,53,35,52,14,67.0,83.0,1,111471,4.0,1.0,0.0,0.0,0.0,0.0,1.0
74,45,3,45,8,17.0,11.0,29,75913,2.0,0.0,1.0,0.0,1.0,0.0,1.0
62,44,4,44,6,72.0,77.0,20,96025,5.0,1.0,0.0,0.0,0.0,0.0,1.0
100,53,36,50,6,28.0,53.0,1,74516,4.0,1.0,0.0,0.0,1.0,0.0,1.0
14,58,7,57,14,76.0,72.0,21,117796,2.0,1.0,0.0,0.0,0.0,0.0,1.0
95,33,27,44,3,58.0,68.0,2,56069,1.0,0.0,1.0,0.0,1.0,0.0,1.0
48,34,30,54,5,46.0,95.0,5,86233,1.0,0.0,0.0,0.0,1.0,1.0,0.0
15,44,8,33,13,16.0,28.0,14,114811,4.0,0.0,1.0,0.0,0.0,0.0,1.0
72,46,28,40,7,95.0,75.0,26,89049,4.0,0.0,1.0,0.0,1.0,0.0,1.0
78,56,13,48,11,21.0,65.0,9,69178,3.0,0.0,0.0,0.0,1.0,0.0,0.0
87,51,39,44,12,67.0,49.0,8,62821,2.0,0.0,1.0,0.0,1.0,1.0,0.0
62,38,21,33,8,68.0,47.0,0,81727,4.0,0.0,0.0,0.0,0.0,1.0,0.0
40,41,10,50,12,36.0,52.0,15,90935,3.0,0.0,1.0,0.0,0.0,1.0,0.0
85,46,22,42,6,48.0,88.0,5,46999,3.0,0.0,0.0,0.0,1.0,1.0,0.0
80,43,0,51,10,12.0,54.0,8,92522,4.0,1.0,0.0,0.0,1.0,0.0,1.0
82,34,36,48,4,33.0,60.0,26,68712,1.0,0.0,1.0,0.0,0.0,0.0,1.0
53,40,20,31,2,85.0,57.0,3,94551,2.0,0.0,1.0,0.0,0.0,0.0,0.0
24,57,25,43,5,52.0,47.0,26,70172,2.0,0.0,1.0,0.0,1.0,0.0,0.0
26,33,35,58,10,86.0,31.0,27,63722,1.0,0.0,1.0,0.0,1.0,1.0,0.0
89,40,22,33,5,50.0,46.0,1,40625,4.0,1.0,0.0,0.0,1.0,0.0,0.0
60,33,0,45,3,2.0,26.0,28,97165,2.0,0.0,1.0,1.0,0.0,0.0,0.0
41,30,39,50,11,41.0,5.0,3,106509,4.0,1.0,0.0,0.0,0.0,1.0,0.0
29,28,14,49,6,97.0,84.0,0,36859,4.0,1.0,0.0,1.0,0.0,1.0,0.0
15,49,20,43,4,31.0,52.0,18,71609,3.0,1.0,0.0,0.0,0.0,0.0,0.0
45,35,8,56,14,50.0,75.0,25,73307,1.0,1.0,0.0,0.0,0.0,0.0,1.0
65,52,8,58,13,84.0,54.0,24,51839,4.0,0.0,0.0,0.0,0.0,0.0,0.0
89,40,9,44,14,45.0,33.0,9,57216,5.0,0.0,0.0,0.0,0.0,0.0,0.0
71,37,25,57,10,20.0,50.0,20,82953,1.0,0.0,1.0,0.0,0.0,0.0,1.0
9,26,34,32,5,43.0,38.0,14,114481,2.0,0.0,0.0,0.0,0.0,0.0,1.0
88,56,24,37,7,10.0,27.0,26,90593,3.0,0.0,0.0,0.0,0.0,1.0,0.0
1,33,25,45,3,67.0,98.0,21,102075,2.0,0.0,1.0,1.0,0.0,1.0,0.0
8,46,10,39,7,0.0,15.0,18,79522,2.0,0.0,1.0,0.0,1.0,0.0,0.0
88,42,37,33,4,91.0,96.0,15,34886,1.0,0.0,1.0,0.0,1.0,0.0,1.0
63,57,1,59,13,46.0,54.0,20,37485,2.0,0.0,0.0,1.0,0.0,1.0,0.0
11,44,6,47,13,23.0,21.0,26,61455,4.0,0.0,0.0,1.0,0.0,0.0,0.0
81,37,17,31,10,98.0,46.0,23,46767,2.0,0.0,1.0,1.0,0.0,0.0,1.0
8,35,26,46,12,12.0,69.0,21,58453,3.0,1.0,0.0,1.0,0.0,0.0,0.0
35,52,33,42,3,97.0,6.0,3,106280,3.0,0.0,1.0,0.0,0.0,1.0,0.0
35,26,26,33,13,10.0,38.0,1,83442,5.0,1.0,0.0,0.0,1.0,1.0,0.0
33,56,16,55,13,99.0,62.0,29,81877,3.0,1.0,0.0,0.0,0.0,0.0,1.0
5,44,23,54,10,50.0,86.0,24,42226,2.0,0.0,1.0,0.0,1.0,0.0,0.0
41,50,24,59,6,16.0,62.0,12,52588,3.0,0.0,1.0,0.0,1.0,0.0,1.0
28,32,6,40,9,46.0,82.0,27,108976,1.0,0.0,1.0,1.0,0.0,1.0,0.0
7,39,5,36,3,81.0,78.0,0,61709,3.0,0.0,0.0,0.0,0.0,1.0,0.0
73,33,23,41,7,85.0,74.0,16,77788,4.0,1.0,0.0,1.0,0.0,0.0,0.0
72,30,32,39,4,23.0,46.0,12,118031,1.0,0.0,0.0,0.0,0.0,0.0,0.0
12,31,28,36,13,18.0,13.0,3,67019,5.0,0.0,0.0,0.0,1.0,0.0,0.0
34,38,21,42,13,36.0,95.0,6,74948,4.0,0.0,1.0,1.0,0.0,0.0,1.0
33,59,25,36,11,84.0,94.0,16,95133,3.0,0.0,0.0,1.0,0.0,0.0,0.0
48,28,27,53,6,7.0,3.0,8,96458,2.0,0.0,1.0,0.0,1.0,0.0,0.0
23,34,20,46,13,27.0,94.0,3,57526,2.0,1.0,0.0,0.0,1.0,1.0,0.0
62,30,6,39,9,4.0,6.0,18,103493,3.0,0.0,1.0,0.0,1.0,1.0,0.0
88,48,16,58,11,16.0,93.0,0,82198,4.0,0.0,0.0,1.0,0.0,0.0,0.0
37,23,19,39,2,35.0,8.0,9,73395,4.0,0.0,0.0,0.0,0.0,0.0,0.0
99,26,19,53,6,18.0,44.0,3,54031,1.0,0.0,1.0,1.0,0.0,1.0,0.0
44,50,21,33,4,63.0,33.0,8,105542,1.0,0.0,1.0,0.0,0.0,0.0,0.0
86,58,27,49,5,90.0,81.0,12,67701,2.0,0.0,0.0,1.0,0.0,0.0,1.0
91,59,39,33,3,97.0,75.0,13,55939,3.0,1.0,0.0,1.0,0.0,0.0,1.0
35,40,6,51,10,10.0,54.0,9,79145,2.0,1.0,0.0,0.0,1.0,0.0,1.0
65,29,0,36,4,53.0,50.0,5,50324,3.0,0.0,1.0,0.0,0.0,0.0,0.0
99,22,31,51,3,44.0,11.0,15,52867,1.0,1.0,0.0,1.0,0.0,1.0,0.0
47,43,12,30,11,46.0,95.0,5,30203,4.0,0.0,0.0,1.0,0.0,0.0,0.0
78,38,29,41,12,11.0,28.0,16,46544,1.0,0.0,1.0,0.0,1.0,0.0,0.0
3,28,22,53,10,20.0,70.0,9,45899,4.0,0.0,0.0,0.0,1.0,1.0,0.0
1,46,18,42,8,10.0,41.0,17,59063,5.0,0.0,0.0,0.0,0.0,1.0,0.0
5,25,31,39,7,91.0,16.0,26,33748,5.0,1.0,0.0,1.0,0.0,1.0,0.0
90,57,29,44,2,46.0,68.0,21,96629,1.0,0.0,1.0,0.0,0.0,0.0,1.0
14,27,28,56,6,80.0,99.0,17,110764,4.0,0.0,1.0,1.0,0.0,0.0,0.0
27,52,28,42,13,55.0,48.0,2,50884,5.0,1.0,0.0,0.0,0.0,1.0,0.0
9,40,29,52,12,19.0,56.0,19,55183,2.0,0.0,0.0,0.0,1.0,0.0,0.0
79,48,15,51,12,40.0,54.0,26,111570,2.0,0.0,0.0,1.0,0.0,0.0,1.0
15,31,39,51,4,45.0,59.0,20,101246,4.0,0.0,0.0,0.0,0.0,0.0,1.0
90,47,18,50,2,11.0,90.0,24,49259,1.0,0.0,0.0,0.0,1.0,1.0,0.0
42,40,17,51,5,69.0,54.0,27,65959,5.0,0.0,1.0,0.0,1.0,1.0,0.0
77,24,0,57,14,16.0,76.0,14,63457,1.0,0.0,1.0,0.0,0.0,0.0,0.0
51,34,13,38,3,18.0,11.0,14,115679,2.0,1.0,0.0,1.0,0.0,1.0,0.0
63,49,1,55,3,25.0,89.0,3,32103,5.0,1.0,0.0,1.0,0.0,0.0,0.0
96,41,27,38,4,47.0,54.0,28,95901,1.0,0.0,1.0,0.0,1.0,1.0,0.0
52,49,29,44,9,51.0,19.0,26,74535,3.0,0.0,1.0,1.0,0.0,0.0,0.0
96,29,37,39,9,95.0,87.0,8,46103,3.0,0.0,0.0,1.0,0.0,0.0,0.0
4,22,3,53,13,69.0,55.0,26,108278,4.0,0.0,0.0,1.0,0.0,0.0,0.0
94,24,0,55,8,54.0,82.0,25,42391,3.0,1.0,0.0,0.0,1.0,0.0,0.0
23,34,7,54,7,99.0,26.0,18,58901,2.0,0.0,1.0,0.0,0.0,0.0,1.0
15,49,28,58,10,74.0,6.0,23,111159,5.0,1.0,0.0,1.0,0.0,0.0,0.0
43,46,38,39,5,32.0,4.0,27,97914,4.0,0.0,1.0,0.0,1.0,1.0,0.0
29,54,2,37,13,61.0,29.0,16,80357,3.0,0.0,0.0,0.0,1.0,0.0,1.0
36,59,31,53,2,87.0,59.0,10,116908,3.0,1.0,0.0,0.0,0.0,0.0,1.0
13,27,9,45,9,22.0,98.0,24,68437,2.0,1.0,0.0,1.0,0.0,0.0,0.0
32,53,9,46,8,14.0,17.0,8,65503,2.0,0.0,1.0,1.0,0.0,0.0,1.0
71,42,18,55,8,46.0,43.0,9,105403,1.0,0.0,0.0,0.0,0.0,0.0,0.0
59,37,33,56,4,74.0,80.0,17,71258,4.0,1.0,0.0,0.0,0.0,1.0,0.0
86,42,32,34,5,63.0,66.0,19,63724,1.0,0.0,0.0,0.0,1.0,0.0,0.0
28,32,22,33,11,80.0,34.0,12,94286,3.0,1.0,0.0,0.0,1.0,0.0,1.0
66,58,27,47,10,50.0,8.0,7,104842,5.0,0.0,0.0,0.0,0.0,1.0,0.0
42,57,31,53,7,52.0,13.0,6,44908,5.0,0.0,1.0,1.0,0.0,0.0,0.0
45,56,6,48,6,77.0,8.0,16,80626,2.0,1.0,0.0,0.0,1.0,1.0,0.0
62,40,28,33,4,90.0,94.0,20,67228,5.0,1.0,0.0,0.0,1.0,1.0,0.0
57,41,7,57,10,81.0,96.0,22,53386,5.0,0.0,0.0,1.0,0.0,0.0,1.0
6,39,0,36,6,91.0,100.0,14,76754,5.0,0.0,0.0,0.0,1.0,1.0,0.0
28,35,2,39,6,50.0,94.0,19,58302,3.0,1.0,0.0,1.0,0.0,0.0,1.0
28,36,23,54,5,46.0,65.0,14,90815,5.0,0.0,1.0,1.0,0.0,1.0,0.0
44,52,22,47,5,3.0,43.0,0,114748,5.0,0.0,0.0,1.0,0.0,0.0,0.0
84,22,7,48,13,6.0,39.0,24,93344,5.0,0.0,0.0,0.0,0.0,1.0,0.0
30,24,36,33,2,34.0,81.0,13,65618,1.0,0.0,0.0,0.0,0.0,0.0,0.0
62,37,2,39,8,47.0,59.0,4,106234,3.0,1.0,0.0,0.0,0.0,0.0,0.0
75,44,32,30,10,72.0,84.0,10,91114,2.0,1.0,0.0,1.0,0.0,1.0,0.0
92,32,27,52,4,71.0,88.0,15,100130,1.0,1.0,0.0,1.0,0.0,0.0,0.0
89,33,7,47,13,44.0,54.0,1,55525,4.0,1.0,0.0,0.0,0.0,1.0,0.0
62,31,33,34,14,80.0,93.0,7,109818,3.0,0.0,1.0,0.0,1.0,1.0,0.0
97,53,34,44,3,80.0,86.0,10,44334,3.0,0.0,1.0,1.0,0.0,0.0,0.0
1,37,31,46,4,96.0,44.0,28,92767,4.0,1.0,0.0,0.0,1.0,0.0,0.0
27,29,23,32,2,95.0,9.0,17,36644,4.0,0.0,1.0,0.0,1.0,0.0,1.0
62,59,13,41,7,71.0,37.0,2,62933,4.0,0.0,0.0,1.0,0.0,0.0,0.0
77,33,31,31,12,18.0,74.0,29,73469,2.0,0.0,0.0,1.0,0.0,0.0,1.0
3,45,15,30,12,62.0,36.0,25,63687,5.0,0.0,0.0,0.0,1.0,0.0,0.0
70,49,3,52,8,37.0,92.0,0,82656,3.0,1.0,0.0,0.0,1.0,1.0,0.0
72,29,36,50,12,66.0,28.0,10,47375,5.0,0.0,0.0,0.0,0.0,0.0,0.0
27,49,20,46,12,58.0,42.0,15,95206,5.0,0.0,1.0,0.0,0.0,1.0,0.0
9,57,13,51,3,68.0,43.0,17,66607,4.0,1.0,0.0,1.0,0.0,1.0,0.0
62,47,30,45,9,12.0,85.0,29,113178,2.0,0.0,1.0,0.0,0.0,1.0,0.0
37,29,17,34,7,46.0,88.0,15,53993,1.0,0.0,0.0,0.0,0.0,0.0,1.0
97,49,6,44,5,60.0,42.0,22,74386,2.0,0.0,0.0,0.0,0.0,0.0,0.0
51,49,9,32,6,30.0,66.0,9,76287,5.0,0.0,0.0,0.0,0.0,1.0,0.0
44,58,6,57,9,79.0,55.0,17,116724,2.0,1.0,0.0,0.0,1.0,1.0,0.0
24,57,32,36,4,46.0,72.0,5,106312,4.0,0.0,1.0,1.0,0.0,0.0,1.0
79,48,22,40,4,21.0,48.0,18,105324,1.0,1.0,0.0,0.0,0.0,0.0,0.0
59,38,20,39,12,92.0,91.0,3,101196,4.0,1.0,0.0,0.0,1.0,0.0,0.0
32,30,18,38,5,46.0,22.0,26,100014,1.0,0.0,0.0,0.0,1.0,0.0,1.0
96,54,18,43,2,42.0,27.0,12,38210,5.0,1.0,0.0,0.0,1.0,0.0,1.0
88,41,35,42,10,66.0,93.0,23,40922,1.0,1.0,0.0,0.0,0.0,0.0,0.0
52,34,28,58,9,53.0,67.0,13,66289,1.0,0.0,0.0,0.0,0.0,0.0,1.0
62,49,17,54,9,9.0,13.0,2,63340,1.0,1.0,0.0,1.0,0.0,0.0,0.0
58,50,1,59,11,41.0,45.0,9,69850,2.0,0.0,0.0,0.0,0.0,0.0,0.0
52,34,0,54,7,63.0,10.0,5,86984,2.0,0.0,0.0,0.0,0.0,1.0,0.0
12,56,4,31,8,20.0,100.0,0,114178,5.0,0.0,0.0,0.0,1.0,1.0,0.0
39,27,19,32,7,79.0,9.0,22,41094,1.0,0.0,0.0,1.0,0.0,0.0,0.0
2,39,10,36,10,75.0,54.0,23,117959,3.0,1.0,0.0,0.0,0.0,0.0,0.0
3,26,1,50,4,65.0,27.0,26,63418,5.0,0.0,0.0,0.0,0.0,0.0,0.0
56,46,2,47,4,40.0,34.0,13,35741,1.0,0.0,0.0,0.0,1.0,0.0,0.0
81,23,22,32,4,23.0,54.0,7,102374,1.0,1.0,0.0,0.0,1.0,0.0,0.0
59,31,11,39,11,34.0,32.0,18,98798,2.0,1.0,0.0,0.0,0.0,0.0,0.0
2,51,19,51,4,46.0,89.0,13,100532,3.0,0.0,1.0,1.0,0.0,0.0,1.0
2,26,4,58,10,29.0,93.0,9,52164,1.0,1.0,0.0,1.0,0.0,0.0,0.0
92,54,36,36,13,56.0,71.0,16,65595,1.0,1.0,0.0,0.0,1.0,0.0,1.0
54,22,37,38,5,93.0,67.0,8,60257,5.0,0.0,1.0,0.0,1.0,0.0,1.0
87,39,29,46,14,46.0,84.0,28,44211,3.0,1.0,0.0,0.0,0.0,0.0,0.0
96,53,8,40,8,34.0,20.0,5,35232,5.0,1.0,0.0,0.0,1.0,0.0,0.0
97,32,33,36,10,18.0,94.0,10,97753,5.0,1.0,0.0,0.0,0.0,0.0,1.0
1,42,34,53,12,7.0,35.0,24,82691,3.0,1.0,0.0,1.0,0.0,0.0,1.0
19,47,21,57,13,25.0,99.0,6,119765,5.0,0.0,1.0,1.0,0.0,0.0,0.0
2,46,23,43,8,70.0,91.0,16,109768,1.0,1.0,0.0,0.0,0.0,0.0,0.0
53,43,16,48,10,46.0,90.0,27,55613,5.0,1.0,0.0,0.0,1.0,0.0,1.0
44,48,9,33,13,46.0,78.0,27,44026,3.0,0.0,1.0,1.0,0.0,0.0,1.0
90,34,29,55,4,66.0,54.0,0,83535,4.0,0.0,0.0,0.0,1.0,0.0,1.0
32,54,22,35,5,64.0,18.0,21,60908,5.0,0.0,1.0,1.0,0.0,1.0,0.0
70,55,31,39,9,35.0,45.0,4,82113,2.0,0.0,0.0,0.0,0.0,0.0,1.0
32,56,16,36,7,46.0,93.0,8,49610,1.0,0.0,1.0,0.0,0.0,1.0,0.0
68,22,16,42,6,36.0,84.0,17,76646,1.0,0.0,1.0,0.0,0.0,0.0,0.0
55,42,13,43,14,0.0,53.0,23,93185,2.0,1.0,0.0,1.0,0.0,0.0,0.0
75,27,8,33,5,14.0,91.0,26,102567,2.0,0.0,0.0,0.0,1.0,0.0,1.0
56,49,39,37,9,36.0,54.0,20,77574,5.0,1.0,0.0,0.0,1.0,0.0,0.0
17,38,1,34,2,12.0,68.0,1,66182,2.0,0.0,0.0,0.0,1.0,0.0,0.0
38,26,24,30,10,7.0,65.0,28,30570,3.0,0.0,1.0,1.0,0.0,0.0,0.0
24,52,38,33,2,4.0,1.0,25,49288,3.0,0.0,1.0,1.0,0.0,0.0,0.0
69,26,8,32,9,59.0,58.0,10,108824,2.0,0.0,0.0,1.0,0.0,1.0,0.0
98,59,21,38,5,72.0,26.0,26,59877,2.0,1.0,0.0,1.0,0.0,1.0,0.0
70,24,3,37,10,0.0,20.0,27,114425,3.0,1.0,0.0,1.0,0.0,0.0,1.0
86,44,25,30,12,35.0,87.0,5,30917,1.0,1.0,0.0,0.0,1.0,0.0,1.0
11,58,28,56,6,46.0,10.0,25,105602,1.0,1.0,0.0,1.0,0.0,0.0,1.0
16,58,33,35,4,65.0,59.0,7,94575,5.0,0.0,1.0,1.0,0.0,0.0,0.0
97,31,22,38,10,62.0,75.0,3,102518,4.0,0.0,1.0,0.0,1.0,0.0,0.0
73,31,36,36,12,46.0,54.0,17,69104,3.0,0.0,1.0,1.0,0.0,1.0,0.0
59,40,10,33,10,8.0,5.0,27,48062,3.0,0.0,1.0,0.0,1.0,1.0,0.0
70,38,5,42,5,33.0,65.0,10,46999,4.0,0.0,1.0,0.0,1.0,0.0,1.0
80,42,17,46,12,45.0,17.0,4,91845,3.0,1.0,0.0,0.0,0.0,1.0,0.0
93,35,20,57,5,77.0,22.0,14,39941,1.0,1.0,0.0,0.0,0.0,1.0,0.0
3,30,35,31,13,3.0,98.0,27,91169,3.0,1.0,0.0,0.0,0.0,1.0,0.0
20,22,37,57,9,29.0,41.0,17,53470,3.0,1.0,0.0,0.0,0.0,1.0,0.0
59,34,33,34,3,94.0,93.0,1,89821,4.0,0.0,1.0,1.0,0.0,1.0,0.0
36,25,16,41,10,46.0,68.0,21,116669,4.0,0.0,1.0,0.0,0.0,0.0,1.0
19,22,36,56,14,98.0,69.0,10,74435,3.0,0.0,1.0,0.0,1.0,0.0,1.0
90,53,24,50,7,71.0,11.0,25,34529,3.0,0.0,0.0,1.0,0.0,1.0,0.0
67,55,37,37,10,2.0,56.0,24,113055,4.0,1.0,0.0,0.0,0.0,0.0,1.0
19,49,11,35,9,13.0,51.0,12,42192,5.0,1.0,0.0,0.0,1.0,0.0,0.0
20,52,22,37,8,59.0,21.0,3,104102,5.0,0.0,1.0,1.0,0.0,1.0,0.0
96,29,21,47,14,46.0,99.0,21,102762,1.0,1.0,0.0,1.0,0.0,0.0,0.0
71,47,20,32,2,44.0,76.0,6,116795,3.0,1.0,0.0,0.0,0.0,0.0,1.0
52,55,26,51,13,95.0,26.0,28,64087,2.0,0.0,1.0,1.0,0.0,0.0,1.0
33,24,30,41,4,33.0,19.0,10,96677,1.0,0.0,0.0,0.0,1.0,0.0,0.0
40,33,5,58,12,44.0,60.0,21,34627,3.0,0.0,0.0,1.0,0.0,0.0,1.0
39,22,26,55,3,60.0,71.0,23,86541,4.0,0.0,0.0,0.0,1.0,1.0,0.0
82,26,39,32,6,82.0,47.0,3,98226,5.0,0.0,1.0,1.0,0.0,0.0,0.0
1,51,33,51,6,15.0,71.0,27,33255,2.0,1.0,0.0,0.0,0.0,1.0,0.0
11,51,11,35,6,65.0,26.0,14,87433,5.0,0.0,1.0,0.0,1.0,0.0,0.0
92,38,6,31,5,39.0,40.0,0,35213,4.0,0.0,1.0,1.0,0.0,0.0,1.0
57,44,9,52,6,16.0,5.0,22,49404,3.0,1.0,0.0,1.0,0.0,0.0,0.0
89,36,16,41,4,33.0,21.0,2,55380,4.0,0.0,0.0,1.0,0.0,0.0,0.0
50,58,25,31,13,15.0,78.0,13,49173,4.0,0.0,0.0,0.0,1.0,1.0,0.0
23,42,20,35,2,59.0,4.0,5,83027,5.0,0.0,1.0,0.0,1.0,0.0,1.0
31,35,27,46,6,65.0,23.0,17,53989,2.0,0.0,0.0,0.0,1.0,1.0,0.0
94,23,1,32,14,65.0,84.0,24,54519,4.0,0.0,1.0,0.0,0.0,0.0,1.0
42,32,0,31,10,89.0,15.0,0,52439,5.0,0.0,1.0,0.0,0.0,1.0,0.0
99,59,35,52,14,12.0,93.0,5,106949,2.0,1.0,0.0,0.0,1.0,0.0,0.0
7,55,25,59,10,55.0,8.0,5,44995,3.0,1.0,0.0,1.0,0.0,1.0,0.0
16,59,28,49,5,30.0,41.0,20,53559,3.0,1.0,0.0,0.0,0.0,0.0,1.0
90,55,20,37,4,33.0,19.0,15,119049,1.0,0.0,1.0,0.0,1.0,0.0,1.0
60,39,10,51,2,38.0,54.0,28,35021,5.0,1.0,0.0,1.0,0.0,0.0,0.0
2,51,39,41,3,66.0,28.0,4,51119,2.0,0.0,0.0,0.0,0.0,0.0,1.0
1,36,10,55,9,7.0,91.0,16,81539,4.0,0.0,0.0,1.0,0.0,1.0,0.0
48,48,35,33,2,86.0,68.0,9,69350,3.0,0.0,1.0,1.0,0.0,0.0,0.0
12,55,38,34,9,77.0,15.0,27,76223,2.0,0.0,1.0,1.0,0.0,0.0,1.0
69,59,39,42,14,54.0,99.0,20,55517,5.0,1.0,0.0,1.0,0.0,0.0,1.0
37,54,34,58,8,26.0,37.0,17,108653,3.0,0.0,1.0,0.0,0.0,1.0,0.0
32,45,33,44,9,92.0,1.0,6,52250,3.0,0.0,1.0,0.0,0.0,1.0,0.0
9,36,23,54,13,52.0,67.0,2,114486,2.0,0.0,0.0,0.0,0.0,0.0,0.0
99,51,21,52,7,38.0,24.0,12,112895,2.0,0.0,0.0,0.0,1.0,0.0,1.0
19,38,4,45,13,64.0,27.0,14,119132,2.0,1.0,0.0,0.0,0.0,1.0,0.0
48,26,32,39,10,16.0,40.0,19,96798,5.0,0.0,1.0,1.0,0.0,0.0,0.0
80,50,35,59,4,29.0,63.0,18,84199,5.0,0.0,1.0,0.0,0.0,0.0,1.0
3,25,19,59,11,52.0,61.0,2,89546,3.0,0.0,0.0,1.0,0.0,0.0,1.0
20,31,18,54,5,12.0,36.0,3,118151,4.0,0.0,1.0,0.0,1.0,0.0,0.0
24,38,34,52,14,20.0,54.0,4,33327,2.0,0.0,0.0,1.0,0.0,0.0,0.0
54,31,16,45,7,18.0,93.0,0,59768,3.0,1.0,0.0,1.0,0.0,1.0,0.0
33,38,33,41,9,52.0,24.0,3,94418,5.0,0.0,0.0,1.0,0.0,0.0,1.0
24,41,8,46,6,18.0,24.0,11,72788,5.0,0.0,1.0,0.0,1.0,0.0,1.0
75,45,25,45,4,56.0,4.0,27,112384,2.0,1.0,0.0,0.0,0.0,0.0,1.0
72,26,1,41,7,24.0,67.0,26,76830,5.0,0.0,0.0,0.0,0.0,0.0,0.0
36,55,8,37,5,85.0,34.0,23,82446,4.0,0.0,0.0,0.0,1.0,1.0,0.0
38,27,8,49,10,46.0,57.0,9,45160,4.0,1.0,0.0,1.0,0.0,0.0,1.0
84,23,39,32,14,80.0,49.0,22,86583,5.0,1.0,0.0,0.0,0.0,0.0,0.0
99,34,16,45,4,54.0,87.0,24,63998,2.0,0.0,0.0,0.0,1.0,0.0,1.0
89,32,0,59,5,22.0,53.0,20,57230,2.0,0.0,1.0,0.0,0.0,1.0,0.0
99,44,24,42,8,31.0,54.0,28,39076,2.0,0.0,0.0,0.0,1.0,0.0,1.0
25,37,39,52,8,61.0,69.0,25,99341,1.0,1.0,0.0,1.0,0.0,1.0,0.0
93,52,24,57,13,73.0,95.0,19,61085,5.0,0.0,0.0,0.0,0.0,1.0,0.0
18,32,38,48,13,9.0,53.0,23,85571,2.0,1.0,0.0,0.0,1.0,0.0,1.0
82,37,34,37,5,99.0,62.0,24,44715,4.0,1.0,0.0,0.0,0.0,0.0,1.0
66,29,2,51,7,71.0,41.0,12,35750,3.0,0.0,1.0,0.0,0.0,1.0,0.0
54,25,36,34,13,53.0,57.0,22,108768,3.0,1.0,0.0,0.0,0.0,0.0,0.0
35,25,29,49,14,51.0,60.0,13,65903,2.0,1.0,0.0,0.0,0.0,1.0,0.0
80,46,37,37,4,19.0,54.0,22,102489,3.0,0.0,1.0,0.0,1.0,0.0,1.0
61,24,33,53,7,31.0,70.0,4,62093,3.0,1.0,0.0,1.0,0.0,0.0,1.0
41,53,11,41,13,13.0,57.0,3,117954,1.0,0.0,1.0,0.0,1.0,0.0,0.0
100,24,18,30,3,49.0,10.0,13,64314,4.0,0.0,1.0,0.0,1.0,1.0,0.0
33,48,36,54,9,46.0,40.0,9,78225,4.0,1.0,0.0,0.0,1.0,1.0,0.0
68,50,16,59,3,52.0,7.0,16,117985,1.0,1.0,0.0,1.0,0.0,1.0,0.0
33,53,9,50,12,23.0,38.0,9,113014,1.0,0.0,0.0,0.0,0.0,0.0,1.0
14,40,11,49,8,78.0,85.0,25,65179,3.0,0.0,1.0,0.0,0.0,1.0,0.0
21,42,15,35,10,21.0,61.0,6,55338,5.0,0.0,0.0,0.0,0.0,0.0,0.0
48,26,23,51,2,29.0,84.0,15,99681,3.0,1.0,0.0,1.0,0.0,0.0,1.0
20,39,18,47,9,62.0,3.0,0,62101,1.0,0.0,0.0,0.0,0.0,0.0,1.0
8,49,7,37,8,3.0,51.0,16,32775,4.0,0.0,1.0,1.0,0.0,1.0,0.0
7,43,30,36,7,76.0,86.0,20,75619,3.0,0.0,0.0,0.0,0.0,0.0,0.0
67,42,20,30,7,46.0,47.0,28,75838,5.0,0.0,1.0,0.0,0.0,0.0,1.0
17,27,16,50,7,86.0,68.0,8,49539,3.0,1.0,0.0,0.0,1.0,0.0,1.0
33,22,22,45,10,7.0,92.0,5,87124,2.0,1.0,0.0,1.0,0.0,1.0,0.0
48,26,36,41,3,81.0,54.0,18,95149,3.0,0.0,1.0,0.0,1.0,1.0,0.0
76,33,15,35,2,11.0,38.0,12,56616,1.0,1.0,0.0,0.0,1.0,0.0,0.0
59,47,5,49,14,30.0,36.0,2,109655,4.0,1.0,0.0,0.0,1.0,1.0,0.0
86,55,7,31,13,77.0,41.0,6,84567,4.0,1.0,0.0,1.0,0.0,0.0,0.0
22,35,24,58,7,33.0,69.0,21,67099,1.0,1.0,0.0,1.0,0.0,0.0,1.0
30,47,17,43,11,81.0,13.0,8,105831,2.0,0.0,1.0,0.0,0.0,0.0,0.0
38,48,24,33,12,97.0,87.0,21,91799,1.0,0.0,0.0,0.0,1.0,0.0,0.0
51,30,11,30,9,74.0,58.0,4,55479,3.0,0.0,0.0,0.0,0.0,0.0,0.0
54,47,14,52,4,75.0,50.0,9,76172,1.0,1.0,0.0,0.0,1.0,0.0,1.0
8,43,25,47,13,48.0,30.0,22,85863,1.0,0.0,0.0,1.0,0.0,1.0,0.0
27,51,25,42,11,78.0,54.0,16,72043,2.0,0.0,0.0,1.0,0.0,0.0,1.0
27,38,31,31,2,56.0,25.0,11,112569,3.0,1.0,0.0,1.0,0.0,1.0,0.0
98,47,9,38,10,94.0,27.0,22,45408,5.0,1.0,0.0,0.0,1.0,0.0,0.0
21,57,15,50,14,92.0,51.0,15,87980,5.0,0.0,0.0,1.0,0.0,0.0,0.0
30,22,6,31,14,25.0,78.0,2,112956,4.0,0.0,1.0,0.0,1.0,0.0,0.0
97,29,16,56,2,17.0,57.0,29,46351,3.0,1.0,0.0,0.0,0.0,0.0,0.0
28,56,22,54,4,95.0,47.0,24,34131,4.0,0.0,1.0,0.0,1.0,0.0,0.0
64,36,25,38,9,85.0,100.0,21,74825,3.0,0.0,0.0,0.0,0.0,1.0,0.0
97,43,20,30,4,37.0,39.0,8,41349,5.0,1.0,0.0,0.0,1.0,1.0,0.0
69,35,21,40,14,80.0,16.0,28,90931,1.0,0.0,1.0,0.0,0.0,0.0,0.0
61,47,6,32,5,86.0,22.0,14,74254,2.0,1.0,0.0,1.0,0.0,0.0,1.0
48,49,13,49,9,87.0,85.0,4,68225,2.0,0.0,0.0,0.0,0.0,0.0,1.0
19,44,14,59,2,49.0,54.0,22,42453,1.0,0.0,1.0,1.0,0.0,0.0,0.0
4,35,6,52,14,7.0,21.0,12,48814,2.0,0.0,0.0,1.0,0.0,1.0,0.0
35,45,8,55,14,40.0,72.0,13,48263,1.0,0.0,0.0,0.0,0.0,0.0,1.0
64,23,7,33,7,5.0,16.0,19,107694,1.0,1.0,0.0,0.0,1.0,0.0,1.0
49,47,22,47,2,68.0,59.0,14,45735,3.0,0.0,1.0,0.0,1.0,0.0,1.0
17,35,28,52,2,43.0,31.0,15,45830,4.0,0.0,0.0,0.0,1.0,0.0,0.0
44,28,17,35,9,63.0,42.0,22,77893,2.0,0.0,0.0,0.0,1.0,0.0,1.0
92,24,30,32,12,28.0,74.0,12,74673,2.0,0.0,1.0,0.0,1.0,0.0,1.0
30,44,29,51,5,27.0,32.0,16,119462,3.0,0.0,0.0,1.0,0.0,0.0,1.0
93,39,38,40,13,10.0,59.0,22,75066,3.0,0.0,0.0,0.0,1.0,0.0,1.0
46,59,34,44,2,64.0,34.0,7,33373,3.0,0.0,1.0,1.0,0.0,1.0,0.0
6,56,17,51,11,18.0,9.0,20,40335,5.0,0.0,1.0,1.0,0.0,0.0,0.0
99,36,38,57,8,8.0,81.0,1,53741,5.0,0.0,1.0,1.0,0.0,0.0,0.0
37,46,16,34,6,26.0,11.0,4,40692,5.0,0.0,1.0,0.0,0.0,1.0,0.0
24,58,13,49,6,33.0,96.0,5,77295,1.0,1.0,0.0,0.0,0.0,1.0,0.0
93,49,30,39,2,43.0,10.0,11,75541,2.0,0.0,1.0,1.0,0.0,0.0,0.0
46,31,23,41,11,67.0,86.0,17,64057,4.0,1.0,0.0,0.0,0.0,0.0,1.0
53,38,34,44,12,99.0,17.0,29,96983,1.0,1.0,0.0,0.0,1.0,0.0,1.0
95,43,33,46,7,81.0,68.0,21,49583,2.0,1.0,0.0,0.0,1.0,0.0,0.0
99,47,2,39,10,46.0,48.0,21,52765,2.0,0.0,0.0,1.0,0.0,0.0,1.0
60,46,36,35,10,50.0,52.0,0,89287,3.0,1.0,0.0,0.0,1.0,1.0,0.0
97,38,39,47,9,12.0,25.0,29,53906,3.0,1.0,0.0,1.0,0.0,0.0,1.0
63,34,25,42,6,82.0,21.0,16,115103,1.0,0.0,0.0,1.0,0.0,0.0,1.0
85,41,22,32,2,46.0,65.0,29,109675,3.0,0.0,0.0,0.0,1.0,0.0,1.0
32,46,38,59,10,69.0,63.0,10,76525,2.0,0.0,0.0,0.0,0.0,0.0,0.0
87,25,14,53,2,55.0,89.0,9,68230,3.0,0.0,1.0,0.0,1.0,1.0,0.0
33,31,3,39,9,75.0,51.0,18,49520,5.0,0.0,0.0,0.0,1.0,0.0,1.0
67,24,28,59,6,50.0,54.0,13,115238,3.0,0.0,0.0,1.0,0.0,0.0,0.0
18,39,21,43,4,36.0,81.0,25,81934,2.0,1.0,0.0,1.0,0.0,0.0,1.0
25,57,24,35,12,16.0,88.0,9,55566,1.0,0.0,0.0,1.0,0.0,1.0,0.0
95,43,12,32,8,57.0,66.0,14,103193,4.0,0.0,1.0,1.0,0.0,0.0,1.0
54,55,17,45,8,86.0,15.0,27,60134,3.0,0.0,0.0,0.0,0.0,1.0,0.0
58,29,32,36,10,89.0,96.0,18,40345,2.0,0.0,1.0,0.0,0.0,0.0,1.0
67,40,15,49,8,28.0,39.0,3,71185,4.0,0.0,0.0,0.0,0.0,1.0,0.0
46,58,1,43,14,32.0,70.0,1,100744,4.0,0.0,0.0,1.0,0.0,0.0,1.0
24,27,34,38,12,59.0,1.0,8,63455,5.0,0.0,0.0,1.0,0.0,1.0,0.0
32,47,33,44,4,90.0,23.0,9,58018,4.0,0.0,0.0,1.0,0.0,0.0,1.0
47,55,29,50,12,88.0,39.0,27,84219,2.0,0.0,1.0,0.0,0.0,0.0,1.0
86,27,12,32,14,54.0,57.0,10,75991,2.0,0.0,1.0,1.0,0.0,0.0,0.0
23,58,12,31,14,46.0,81.0,13,103616,3.0,1.0,0.0,0.0,1.0,0.0,0.0
66,54,17,56,2,46.0,34.0,6,117438,3.0,0.0,1.0,0.0,1.0,1.0,0.0
27,43,31,31,9,22.0,41.0,22,39486,3.0,0.0,0.0,1.0,0.0,0.0,1.0
2,42,31,32,13,84.0,93.0,14,68862,4.0,1.0,0.0,0.0,1.0,1.0,0.0
90,27,34,47,4,20.0,73.0,21,88870,4.0,1.0,0.0,0.0,1.0,0.0,0.0
17,27,38,43,13,12.0,13.0,18,116694,5.0,1.0,0.0,0.0,0.0,1.0,0.0
33,25,28,49,9,32.0,70.0,21,73856,3.0,0.0,0.0,1.0,0.0,1.0,0.0
9,51,28,47,9,23.0,6.0,14,116055,1.0,0.0,1.0,1.0,0.0,0.0,0.0
43,32,15,39,14,10.0,84.0,29,61379,5.0,0.0,0.0,0.0,0.0,0.0,1.0
48,51,9,54,6,16.0,54.0,27,94729,1.0,1.0,0.0,0.0,1.0,1.0,0.0
39,52,29,31,14,67.0,3.0,23,58378,4.0,0.0,0.0,0.0,1.0,0.0,0.0
93,45,24,54,13,46.0,81.0,7,84353,5.0,0.0,0.0,1.0,0.0,0.0,1.0
42,30,38,58,14,24.0,63.0,10,79996,5.0,0.0,1.0,0.0,1.0,0.0,0.0
26,24,19,51,2,93.0,49.0,28,44031,2.0,0.0,1.0,0.0,0.0,1.0,0.0
99,52,4,30,14,72.0,76.0,8,110072,4.0,1.0,0.0,0.0,0.0,0.0,1.0
50,58,0,33,11,20.0,47.0,14,95982,4.0,0.0,0.0,1.0,0.0,0.0,1.0
25,57,29,43,8,83.0,55.0,0,66683,5.0,0.0,0.0,0.0,0.0,0.0,0.0
24,45,2,30,13,82.0,64.0,29,47618,4.0,0.0,1.0,0.0,0.0,0.0,0.0
13,52,13,43,11,82.0,65.0,0,36587,5.0,0.0,0.0,1.0,0.0,0.0,0.0
60,27,29,45,6,11.0,81.0,18,92790,2.0,0.0,0.0,0.0,0.0,0.0,1.0
7,23,3,51,9,36.0,67.0,2,61480,5.0,0.0,0.0,0.0,0.0,0.0,1.0
57,41,17,43,10,41.0,90.0,9,50527,3.0,0.0,1.0,0.0,0.0,1.0,0.0
36,49,36,58,12,16.0,15.0,7,53569,4.0,1.0,0.0,0.0,1.0,0.0,1.0
45,32,24,49,8,47.0,100.0,14,41151,5.0,1.0,0.0,1.0,0.0,1.0,0.0
20,25,0,32,14,27.0,32.0,9,101094,5.0,0.0,0.0,1.0,0.0,0.0,0.0
65,36,14,32,8,40.0,96.0,0,89174,5.0,1.0,0.0,1.0,0.0,0.0,0.0
8,27,8,38,2,98.0,68.0,28,74739,3.0,0.0,1.0,0.0,1.0,0.0,1.0
16,51,14,35,5,46.0,18.0,17,62954,4.0,0.0,1.0,0.0,1.0,0.0,0.0
14,59,23,54,3,17.0,83.0,1,65303,4.0,1.0,0.0,1.0,0.0,0.0,0.0
76,23,3,42,3,77.0,54.0,18,64700,3.0,1.0,0.0,0.0,1.0,0.0,1.0
87,36,11,50,3,98.0,35.0,12,97568,5.0,0.0,0.0,1.0,0.0,1.0,0.0
15,32,36,31,5,70.0,78.0,21,96788,2.0,1.0,0.0,0.0,1.0,0.0,1.0
92,29,36,37,2,12.0,58.0,0,101045,5.0,0.0,0.0,0.0,0.0,1.0,0.0
98,47,5,50,5,81.0,33.0,1,67842,5.0,0.0,0.0,0.0,0.0,0.0,1.0
66,26,38,31,3,12.0,14.0,28,43900,3.0,0.0,1.0,1.0,0.0,0.0,1.0
32,27,23,33,6,99.0,34.0,15,110059,4.0,0.0,1.0,0.0,1.0,0.0,0.0
87,47,10,54,4,30.0,61.0,14,31881,5.0,0.0,1.0,0.0,1.0,0.0,1.0
63,25,12,44,13,1.0,4.0,12,63037,4.0,0.0,1.0,0.0,0.0,0.0,1.0
86,40,33,33,9,15.0,54.0,15,31630,1.0,1.0,0.0,0.0,0.0,1.0,0.0
51,41,24,42,5,8.0,59.0,16,50789,4.0,0.0,1.0,0.0,1.0,0.0,0.0
25,54,6,57,2,72.0,29.0,20,118059,2.0,1.0,0.0,0.0,1.0,1.0,0.0
58,41,3,41,2,37.0,83.0,28,113494,2.0,0.0,1.0,0.0,1.0,1.0,0.0
63,33,7,57,13,74.0,6.0,28,76151,5.0,1.0,0.0,0.0,1.0,0.0,0.0
62,22,19,42,11,53.0,97.0,6,78920,4.0,0.0,0.0,0.0,1.0,0.0,0.0
22,47,28,43,4,55.0,49.0,23,97231,5.0,1.0,0.0,0.0,1.0,0.0,0.0
58,35,9,49,10,85.0,54.0,25,110357,3.0,1.0,0.0,1.0,0.0,0.0,1.0
58,59,33,47,8,96.0,83.0,16,33262,2.0,0.0,1.0,0.0,1.0,0.0,0.0
86,58,25,58,3,99.0,65.0,6,96981,5.0,1.0,0.0,0.0,0.0,0.0,0.0
49,32,2,57,14,86.0,69.0,12,111972,3.0,0.0,0.0,1.0,0.0,0.0,0.0
52,57,5,35,10,44.0,27.0,4,105485,5.0,0.0,0.0,0.0,1.0,1.0,0.0
42,34,4,58,11,33.0,80.0,25,84722,4.0,0.0,1.0,0.0,0.0,1.0,0.0
70,24,4,40,3,8.0,6.0,16,119499,4.0,0.0,0.0,1.0,0.0,0.0,1.0
15,54,22,59,4,46.0,13.0,2,80818,4.0,1.0,0.0,0.0,0.0,1.0,0.0
54,27,8,31,12,7.0,64.0,6,59932,4.0,0.0,0.0,0.0,1.0,0.0,1.0
60,31,34,57,14,6.0,62.0,25,36901,1.0,0.0,1.0,0.0,1.0,1.0,0.0
97,26,19,52,11,35.0,99.0,16,38597,3.0,1.0,0.0,0.0,1.0,0.0,0.0
8,44,34,48,3,17.0,19.0,6,93909,3.0,0.0,1.0,0.0,1.0,1.0,0.0
53,31,17,48,4,2.0,76.0,20,102391,4.0,1.0,0.0,1.0,0.0,0.0,1.0
60,23,16,34,7,27.0,54.0,0,114214,1.0,0.0,0.0,1.0,0.0,1.0,0.0
5,34,23,48,10,69.0,43.0,16,38263,4.0,0.0,1.0,0.0,0.0,0.0,0.0
68,23,2,31,10,43.0,74.0,29,93293,1.0,0.0,1.0,0.0,1.0,0.0,1.0
6,41,31,39,8,20.0,89.0,16,55805,4.0,1.0,0.0,0.0,0.0,0.0,0.0
96,22,34,54,13,27.0,20.0,10,41874,2.0,0.0,1.0,1.0,0.0,0.0,0.0
94,58,37,31,4,53.0,95.0,24,116402,2.0,1.0,0.0,0.0,1.0,0.0,1.0
47,30,12,59,5,53.0,68.0,26,44079,5.0,1.0,0.0,0.0,1.0,0.0,0.0
99,38,24,40,7,64.0,44.0,28,79850,4.0,1.0,0.0,1.0,0.0,0.0,0.0
55,30,8,47,12,99.0,23.0,2,102779,3.0,1.0,0.0,1.0,0.0,1.0,0.0
40,32,3,58,6,46.0,2.0,14,39018,5.0,0.0,0.0,1.0,0.0,0.0,0.0
52,36,13,53,3,98.0,22.0,28,79500,2.0,1.0,0.0,1.0,0.0,0.0,0.0
16,45,36,44,14,12.0,57.0,20,42100,4.0,0.0,1.0,1.0,0.0,0.0,0.0
13,59,33,38,7,56.0,72.0,10,87021,5.0,0.0,0.0,0.0,1.0,0.0,0.0
30,56,10,52,4,48.0,7.0,25,49800,4.0,0.0,1.0,1.0,0.0,0.0,1.0
19,51,2,48,9,53.0,78.0,27,93400,2.0,0.0,0.0,0.0,1.0,1.0,0.0
17,52,27,38,3,9.0,56.0,15,59437,5.0,1.0,0.0,0.0,1.0,0.0,0.0
63,26,28,32,2,52.0,67.0,24,106537,2.0,0.0,0.0,1.0,0.0,0.0,0.0
19,35,8,50,10,43.0,16.0,21,76675,1.0,0.0,0.0,1.0,0.0,0.0,1.0
92,32,2,38,13,46.0,83.0,27,49942,2.0,0.0,1.0,0.0,1.0,0.0,0.0
58,30,24,57,4,52.0,54.0,8,50862,4.0,0.0,1.0,1.0,0.0,0.0,1.0
55,55,33,59,12,73.0,82.0,23,41669,3.0,1.0,0.0,1.0,0.0,1.0,0.0
90,33,11,43,2,45.0,80.0,23,83772,2.0,0.0,0.0,1.0,0.0,1.0,0.0
90,56,8,48,8,12.0,72.0,0,45916,3.0,0.0,0.0,0.0,0.0,0.0,0.0
62,56,14,36,14,36.0,97.0,28,40878,1.0,0.0,0.0,0.0,1.0,0.0,0.0
23,22,39,45,11,23.0,12.0,24,32985,5.0,1.0,0.0,0.0,0.0,0.0,0.0
9,43,24,45,6,1.0,53.0,21,103648,5.0,1.0,0.0,1.0,0.0,0.0,1.0
12,50,4,57,6,85.0,75.0,15,71235,3.0,1.0,0.0,0.0,0.0,0.0,0.0
1,29,10,30,2,80.0,5.0,8,48931,5.0,1.0,0.0,1.0,0.0,0.0,0.0
58,32,33,33,10,99.0,27.0,18,30336,2.0,1.0,0.0,0.0,0.0,1.0,0.0
1,58,23,33,8,13.0,12.0,11,72933,3.0,0.0,1.0,1.0,0.0,0.0,0.0
34,35,14,36,9,46.0,17.0,18,114899,4.0,0.0,0.0,0.0,0.0,1.0,0.0
96,51,37,37,10,34.0,6.0,21,75536,2.0,0.0,0.0,0.0,0.0,0.0,0.0
48,56,7,46,7,24.0,97.0,8,99504,2.0,0.0,0.0,0.0,0.0,1.0,0.0
89,42,4,34,13,2.0,5.0,6,81148,2.0,0.0,0.0,0.0,1.0,0.0,0.0
1,58,25,36,6,16.0,57.0,13,46279,4.0,0.0,0.0,0.0,0.0,1.0,0.0
16,26,17,57,7,11.0,28.0,28,98665,1.0,0.0,0.0,0.0,1.0,0.0,1.0
61,40,5,49,12,53.0,78.0,18,101386,5.0,0.0,0.0,1.0,0.0,1.0,0.0
64,35,36,58,3,23.0,69.0,18,116124,3.0,0.0,0.0,0.0,0.0,1.0,0.0
63,47,12,49,5,28.0,59.0,1,107485,1.0,0.0,1.0,1.0,0.0,1.0,0.0
69,25,27,33,4,42.0,33.0,8,104055,3.0,0.0,0.0,1.0,0.0,0.0,0.0
22,46,4,57,14,24.0,62.0,12,107273,5.0,0.0,1.0,0.0,0.0,0.0,0.0
93,46,12,35,8,99.0,50.0,14,96670,4.0,1.0,0.0,0.0,1.0,0.0,0.0
67,39,16,36,10,59.0,19.0,2,106474,3.0,0.0,0.0,0.0,0.0,0.0,1.0
